metric,value
train,0.6669750231267345
test,0.5826645264847512
accuracy,0.8076923076923077
f1-macro,0.6528435035284351
precision-macro,0.6640350877192982
recall-macro,0.6640350877192982
f1-micro,0.8076923076923077
precision-micro,0.8076923076923077
recall-micro,0.8076923076923077
f1-weighted,0.7876472842226268
precision-weighted,0.7735323886639676
recall-weighted,0.7735323886639676
best_paramns,"{'ccp_alpha': 0.015, 'criterion': 'gini'}"
