metric,value
train,0.754367201426025
test,0.7674825174825174
accuracy,0.8269230769230769
f1-macro,0.5943722943722944
precision-macro,0.5698412698412699
recall-macro,0.5698412698412699
f1-micro,0.8269230769230769
precision-micro,0.8269230769230769
recall-micro,0.8269230769230769
f1-weighted,0.7674825174825174
precision-weighted,0.7179487179487178
recall-weighted,0.7179487179487178
best_paramns,"{'criterion': 'gini', 'max_depth': 2}"
